{
  "Parent": "Player",
  "Model": "NPC/Undead/Ghoul/Models/Model.blockymodel",
  "Texture": "NPC/Undead/Ghoul/Models/Texture.png",
  "EyeHeight": 1.7,
  "CrouchOffset": -0.2,
  "HitBox": {
    "Max": {
      "X": 0.3,
      "Y": 2,
      "Z": 0.3
    },
    "Min": {
      "X": -0.3,
      "Y": 0,
      "Z": -0.3
    }
  },
  "DefaultAttachments": [
    {
      "Model": "NPC/Intelligent/Kweebec_Rootling/Kweebec_Rootling_Mouth.blockymodel",
      "Texture": "NPC/Intelligent/Kweebec_Rootling/Kweebec_Mouth.png"
    },
    {
      "Model": "NPC/Intelligent/Kweebec_Rootling/Kweebec_Rootling_Eyes.blockymodel",
      "Texture": "NPC/Intelligent/Kweebec_Rootling/Kweebec_Eyes.png"
    },
    {
      "Model": "NPC/Intelligent/Kweebec_Sapling/Models/Attachments/Cosmetics/Head/Eyebrows.blockymodel",
      "Texture": "NPC/Intelligent/Kweebec_Sapling/Models/Attachments/Cosmetics/Head/Eyebrows_Textures/Kweebec_Young.png"
    },
    {
      "Model": "NPC/Intelligent/Kweebec_Rootling/Kweebec_Rootling_Belt_Petalwear.blockymodel",
      "Texture": "NPC/Intelligent/Kweebec_Rootling/Kweebec_Rootling_Belt_Petalwear.png"
    },
    {
      "Model": "NPC/Intelligent/Kweebec_Rootling/Kweebec_Rootling_Chest_Petalwear.blockymodel",
      "Texture": "NPC/Intelligent/Kweebec_Rootling/Kweebec_Rootling_Chest_Petalwear.png"
    },
    {
      "Model": "NPC/Intelligent/Kweebec_Rootling/Models/Attachments/Head/Kweebec_Rootling_Hair_Bonsai.blockymodel",
      "Texture": "NPC/Intelligent/Kweebec_Rootling/Models/Attachments/Head/Kweebec_Rootling_Hair_Bonsai.png"
    },
    {
      "Model": "NPC/Intelligent/Kweebec_Rootling/Models/Attachments/Head/Kweebec_Rootling_Headband_Sungwood.blockymodel",
      "Texture": "NPC/Intelligent/Kweebec_Rootling/Models/Attachments/Head/Kweebec_Rootling_Headband_Sungwood.png"
    },
    {
      "Model": "NPC/Intelligent/Kweebec_Rootling/Models/Attachments/Hand/Kweebec_Rootling_Wristvine.blockymodel",
      "Texture": "NPC/Intelligent/Kweebec_Rootling/Models/Attachments/Hand/Kweebec_Rootling_Wristvine.png"
    },
    {
      "Model": "NPC/Intelligent/Kweebec_Rootling/Models/Attachments/Hand/Kweebec_Rootling_Simplecuff.blockymodel",
      "Texture": "NPC/Intelligent/Kweebec_Rootling/Models/Attachments/Hand/Kweebec_Rootling_Simplecuff.png"
    }
  ],
  "AnimationSets": {
    "Wave": {
      "Animations": [
        {
          "Animation": "NPC/Intelligent/Kweebec_Sapling/Animations/Flavor/Wave.blockyanim"
        }
      ]
    }
  }
}
