{
  "TranslationProperties": {
    "Name": "server.items.Plant_Flower_Common_Red2.name"
  },
  "Parent": "Plant_Flower_Common_White",
  "BlockType": {
    "CustomModel": "Blocks/Foliage/Plants/Cross_25px.blockymodel",
    "CustomModelTexture": [
      {
        "Texture": "Blocks/Foliage/Plants/Cross_25px_Textures/Flower_Red.png",
        "Weight": 1
      }
    ],
    "Gathering": {
      "Soft": {
        "DropList": "Plant_Flower_Red_Harvest"
      },
      "Harvest": {
        "DropList": {
          "Parent": "Plant_Flower_Red_Harvest"
        }
      }
    },
    "ParticleColor": "#bb2813"
  },
  "ResourceTypes": [
    {
      "Id": "Plant_Red"
    },
    {
      "Id": "Flowers"
    }
  ],
  "Icon": "Icons/ItemsGenerated/Plant_Flower_Common_Red2.png",
  "IconProperties": {
    "Scale": 0.78,
    "Translation": [
      0,
      -13.5
    ],
    "Rotation": [
      22.5,
      45,
      22.5
    ]
  }
}
