{
  "Environments": [
    "Env_Portals_Hedera"
  ],
  "NPCs": [
    {
      "Weight": 15,
      "SpawnBlockSet": "Soil",
      "Id": "Frog_Blue"
    },
    {
      "Weight": 10,
      "SpawnBlockSet": "Soil",
      "Id": "Raven"
    },
    {
      "Weight": 25,
      "SpawnBlockSet": "Soil",
      "Id": "Snake_Marsh"
    },
    {
      "Weight": 30,
      "SpawnBlockSet": "Soil",
      "SpawnFluidTag": "Water_Source",
      "Id": "Crocodile"
    },
    {
      "Id": "Drug_Shop_Merchant",
      "Weight": 10,
      "SpawnBlockSet": "Soil"
    }
  ],
  "DayTimeRange": [
    6,
    18
  ]
}
