{
  "TranslationProperties": {
    "Name": "server.items.Rock_Stone.name"
  },
  "ItemLevel": 10,
  "MaxStack": 100,
  "Icon": "Icons/ItemsGenerated/Rock_Stone.png",
  "Categories": [
    "Blocks.Rocks"
  ],
  "PlayerAnimationsId": "Block",
  "Set": "Rock_Stone",
  "BlockType": {
    "State": {
      "Id": "DarkhaxSpellbookConveyor",
      "Height": 2,
      "Items": true,
      "Entities": true,
      "Players": true,
      "Force": 2,
      "Direction": "Up"
    },
    "Material": "Solid",
    "DrawType": "Cube",
    "Group": "Stone",
    "Flags": {},
    "VariantRotation": "NESW",
    "Gathering": {
      "Breaking": {
        "GatherType": "Rocks",
        "ItemId": "Rock_Stone_Cobble"
      }
    },
    "BlockParticleSetId": "Stone",
    "ParticleColor": "#737055",
    "BlockSoundSetId": "Stone",
    "Aliases": [
      "stone",
      "stone00"
    ],
    "BlockBreakingDecalId": "Breaking_Decals_Rock",
    "Textures": [
      {
        "All": "BlockTextures/Darkhax_Spellbook_Test.png",
        "North": "BlockTextures/Darkhax_Spellbook_Test_Red.png"
      }
    ],
    "BlockEntity": {
      "Components": {
        "DarkhaxSpellbookConveyor": {
          "Position": {
            "Y": 1
          }
        }
      }
    }
  },
  "ResourceTypes": [
    {
      "Id": "Rock"
    },
    {
      "Id": "Rock_Stone"
    }
  ],
  "Tags": {
    "Type": [
      "Rock"
    ]
  },
  "ItemSoundSetId": "ISS_Blocks_Stone"
}
