{
  "Icon": "Icons/ItemsGenerated/Ground_Cannabis_Icon.png",
  "UsePlayerAnimations": true,
  "PlayerAnimationsId": "Item",
  "Model": "Items/Icons/ItemsGenerated/Ground Cannabis.blockymodel",
  "Texture": "Items/Icons/ItemsGenerated/ground_cannabis_texture.png",
  "Recipe": {
    "BenchRequirement": [
      {
        "Id": "Plant_Grinding",
        "Type": "Crafting",
        "RequiredTierLevel": 0,
        "Categories": [
          "Grinding"
        ]
      }
    ],
    "Input": [
      {
        "ItemId": "Cannabis_Bud_Dried",
        "Quantity": 3
      }
    ],
    "OutputQuantity": 1
  },
  "TranslationProperties": {
    "Name": "items.groundcannabis.name"
  }
}
