{
  "Icon": "Icons/ItemsGenerated/Poppy_Bud_Dried_Icon.png",
  "TranslationProperties": {
    "Name": "Dried Poppy Bud"
  },
  "Model": "Items/Icons/ItemsGenerated/Poppy_Bud_Dried.blockymodel",
  "Texture": "Items/Icons/ItemsGenerated/poppy_bud_texture_dried.png",
  "UsePlayerAnimations": true,
  "PlayerAnimationsId": "Item",
  "Recipe": {
    "BenchRequirement": [
      {
        "Type": "Processing",
        "Id": "Drying",
        "Categories": [
          "Drying"
        ]
      }
    ],
    "Input": [
      {
        "ItemId": "Poppy_Bud",
        "Quantity": 2
      }
    ],
    "TimeSeconds": 5
  }
}
