{
  "TranslationProperties": {
    "Name": "Plant Grinding Bench",
    "Description": "server.items.Bench_WorkBench.description"
  },
  "Recipe": {
    "Input": [
      {
        "Quantity": 4,
        "ResourceTypeId": "Wood_Trunk"
      },
      {
        "Quantity": 3,
        "ResourceTypeId": "Rock"
      },
      {
        "ItemId": "Ingredient_Bar_Iron",
        "Quantity": 20
      }
    ],
    "BenchRequirement": [
      {
        "Type": "Crafting",
        "Categories": [
          "Workbench_Crafting"
        ],
        "Id": "Workbench"
      }
    ]
  },
  "Icon": "Icons/ItemsGenerated/Grinding_Table_Icon.png",
  "Categories": [
    "Furniture.Benches"
  ],
  "BlockType": {
    "Material": "Solid",
    "DrawType": "Model",
    "Opacity": "Transparent",
    "CustomModel": "Items/Icons/ItemsGenerated/Grinding Table.blockymodel",
    "CustomModelTexture": [
      {
        "Texture": "Items/Icons/ItemsGenerated/Grinding_table_texture.png",
        "Weight": 1
      }
    ],
    "HitboxType": "Block_Half",
    "VariantRotation": "NESW",
    "Bench": {
      "Type": "Crafting",
      "Id": "Plant_Grinding",
      "TierLevels": [
        {
          "UpgradeRequirement": {
            "Material": [
              {
                "ItemId": "Ingredient_Bar_Copper",
                "Quantity": 5
              },
              {
                "ItemId": "Ingredient_Bar_Iron",
                "Quantity": 5
              },
              {
                "ItemId": "Ingredient_Bar_Thorium",
                "Quantity": 5
              },
              {
                "ItemId": "Ingredient_Bar_Cobalt",
                "Quantity": 5
              }
            ],
            "TimeSeconds": 3
          },
          "CraftingTimeReductionModifier": 0.0
        },
        {
          "CraftingTimeReductionModifier": 0.3,
          "ExtraInputSlot": 1
        }
      ],
      "Categories": [
        {
          "Id": "Grinding"
        }
      ]
    },
    "State": {
      "Id": "crafting",
      "Definitions": {
        "CraftCompleted": {
          "CustomModelAnimation": "Blocks/Benches/Workbench_Crafting.blockyanim",
          "Looping": true
        },
        "CraftCompletedInstant": {
          "CustomModelAnimation": "Blocks/Benches/Workbench_Crafting.blockyanim"
        },
        "Tier2": {
          "CustomModel": "Blocks/Benches/Workbench2.blockymodel",
          "CustomModelTexture": [
            {
              "Texture": "Blocks/Benches/Workbench2_Texture.png",
              "Weight": 1
            }
          ],
          "HitboxType": "Bench_Workbench2",
          "State": {
            "Id": "crafting",
            "Definitions": {
              "CraftCompleted": {
                "CustomModelAnimation": "Blocks/Benches/Workbench2_Crafting.blockyanim"
              }
            }
          }
        },
        "Tier3": {
          "CustomModel": "Blocks/Benches/Workbench3.blockymodel",
          "CustomModelTexture": [
            {
              "Texture": "Blocks/Benches/Workbench3_Texture.png",
              "Weight": 1
            }
          ],
          "HitboxType": "Bench_Workbench3",
          "State": {
            "Id": "crafting",
            "Definitions": {
              "CraftCompleted": {
                "CustomModelAnimation": "Blocks/Benches/Workbench3_Crafting.blockyanim"
              }
            }
          }
        }
      }
    },
    "Gathering": {
      "Breaking": {
        "GatherType": "Benches"
      }
    },
    "BlockParticleSetId": "Wood",
    "ParticleColor": "#6e4a2f",
    "Support": {
      "Down": [
        {
          "FaceType": "Full"
        }
      ]
    },
    "BlockSoundSetId": "Wood",
    "AllowsMultipleUsers": true
  },
  "PlayerAnimationsId": "Block",
  "IconProperties": {
    "Scale": 0.42,
    "Rotation": [
      22.5,
      45.0,
      22.5
    ],
    "Translation": [
      12.9,
      -11.7
    ]
  },
  "Tags": {
    "Type": [
      "Bench"
    ]
  },
  "MaxStack": 1,
  "ItemSoundSetId": "ISS_Blocks_Wood"
}
