{
  "Icon": "Icons/ItemsGenerated/Ground_Tobacco_Icon.png",
  "UsePlayerAnimations": true,
  "PlayerAnimationsId": "Item",
  "Model": "Items/Icons/ItemsGenerated/Ground Tobacco.blockymodel",
  "Texture": "Items/Icons/ItemsGenerated/ground_tobacco_texture.png",
  "Recipe": {
    "BenchRequirement": [
      {
        "Id": "Plant_Grinding",
        "Type": "Crafting",
        "RequiredTierLevel": 0,
        "Categories": [
          "Grinding"
        ]
      }
    ],
    "Input": [
      {
        "ItemId": "Tobacco_Bud_Dried",
        "Quantity": 3
      }
    ],
    "OutputQuantity": 2
  },
  "TranslationProperties": {
    "Name": "items.groundtobacco.name"
  }
}
