{
  "Model": "Base_Incense_Projectile",
  "Physics": {
    "Type": "Standard",
    "Gravity": 15.0,
    "TerminalVelocityAir": 50,
    "TerminalVelocityWater": 15,
    "SticksVertically": false,
    "Bounciness": 0
  },
  "LaunchForce": 10.0,
  "SpawnOffset": {
    "X": 0.3,
    "Y": -0.5,
    "Z": -0.6
  },
  "SpawnRotationOffset": {
    "Pitch": 10.0,
    "Yaw": 5,
    "Roll": 0
  },
  "Interactions": {
    "ProjectileMiss": {
      "Interactions": [
        {
          "Type": "SpawnDeployableAtHitLocation",
          "Config": {
            "Type": "Aoe",
            "Id": "Orchid_Incense",
            "LiveDuration": 10,
            "ApplyEffects": [
              "Effect_Orchid"
            ],
            "Model": "Base_Incense",
            "HitboxCollisionConfig": "HardCollision",
            "StartRadius": 0.1,
            "EndRadius": 10,
            "Height": 2,
            "Shape": "Cylinder",
            "SpawnParticles": [
              {
                "SystemId": "Teleport",
                "Color": "#7614bd",
                "TargetEntityPart": "Self",
                "DetachedFromModel": true
              }
            ]
          }
        },
        {
          "Type": "RemoveEntity",
          "Entity": "User"
        }
      ]
    }
  }
}
