{
  "Model": "Base_Incense_Projectile",
  "Physics": {
    "Type": "Standard",
    "Gravity": 15.0,
    "TerminalVelocityAir": 50,
    "TerminalVelocityWater": 15,
    "SticksVertically": false,
    "Bounciness": 0
  },
  "LaunchForce": 10.0,
  "SpawnOffset": {
    "X": 0.3,
    "Y": -0.5,
    "Z": -0.6
  },
  "SpawnRotationOffset": {
    "Pitch": 10.0,
    "Yaw": 5,
    "Roll": 0
  },
  "Interactions": {
    "ProjectileMiss": {
      "Interactions": [
        {
          "Type": "SpawnDeployableAtHitLocation",
          "Config": {
            "Type": "Aoe",
            "Shape": "Cylinder",
            "Id": "Poppy_Incense",
            "LiveDuration": 10,
            "Model": "Base_Incense",
            "ModelScale": 1.0,
            "StartRadius": 0.1,
            "EndRadius": 5,
            "Height": 2,
            "RadiusChangeTime": 2,
            "DamageInterval": 0.5,
            "DamageAmount": 0.0,
            "HitboxCollisionConfig": "HardCollision",
            "DeploySoundEventId": "SFX_Deployable_Totem_Heal_Spawn",
            "DespawnSoundEventId": "SFX_Deployable_Totem_Heal_Despawn",
            "ApplyEffects": [
              "Effect_Poppy"
            ],
            "SpawnParticles": [
              {
                "SystemId": "Totem_Heal_Extra",
                "TargetEntityPart": "Entity"
              }
            ],
            "DespawnParticles": [
              {
                "SystemId": "Explosion_Medium",
                "TargetEntityPart": "Entity"
              }
            ]
          }
        },
        {
          "Type": "RemoveEntity",
          "Entity": "User"
        }
      ]
    }
  }
}
