{
  "TranslationProperties": {
    "Name": "Drying Table",
    "Description": ""
  },
  "Icon": "Icons/ItemsGenerated/Drying_Table.png",
  "Categories": [
    "Furniture.Benches"
  ],
  "Recipe": {
    "Output": [
      {
        "ItemId": "Bench_Drying",
        "Metadata": {
          "BlockState": {
            "Type": "processingBench",
            "FuelContainer": {
              "Capacity": 2
            }
          }
        }
      }
    ],
    "BenchRequirement": [
      {
        "Type": "Crafting",
        "Categories": [
          "Workbench_Crafting"
        ],
        "Id": "Workbench"
      }
    ],
    "TimeSeconds": 3,
    "Input": [
      {
        "ResourceTypeId": "Cannabis_Type",
        "Quantity": 6
      },
      {
        "ResourceTypeId": "Wood_Trunk",
        "Quantity": 10
      },
      {
        "ItemId": "Ingredient_Bar_Copper",
        "Quantity": 5
      }
    ]
  },
  "PlayerAnimationsId": "Block",
  "IconProperties": {
    "Scale": 0.365,
    "Rotation": [
      22.5,
      45,
      22.5
    ],
    "Translation": [
      12,
      -17.4
    ]
  },
  "Tags": {
    "Type": [
      "Bench"
    ]
  },
  "MaxStack": 1,
  "ItemLevel": 1,
  "ItemSoundSetId": "ISS_Blocks_Stone",
  "Model": "Items/Icons/ItemsGenerated/Drying_Table.blockymodel",
  "Texture": "Items/Icons/ItemsGenerated/Drying_Table_Texture.png",
  "UsePlayerAnimations": true,
  "BlockType": {
    "Material": "Solid",
    "DrawType": "Model",
    "Opacity": "Transparent",
    "CustomModel": "Items/Icons/ItemsGenerated/Drying_Table.blockymodel",
    "CustomModelTexture": [
      {
        "Texture": "Items/Icons/ItemsGenerated/Drying_Table_Texture.png",
        "Weight": 1
      }
    ],
    "VariantRotation": "None",
    "Bench": {
      "Type": "Processing",
      "AllowNoInputProcessing": true,
      "LocalOpenSoundEventId": "SFX_Furnace_Bench_Open",
      "LocalCloseSoundEventId": "SFX_Furnace_Bench_Close",
      "CompletedSoundEventId": "SFX_Furnace_Bench_Processing_Complete",
      "EndSoundEventId": "SFX_Furnace_Bench_Processing_End",
      "FailedSoundEventId": "SFX_Furnace_Bench_Processing_Failed",
      "BenchUpgradeSoundEventId": "SFX_Workbench_Upgrade_Start_Default",
      "BenchUpgradeCompletedSoundEventId": "SFX_Workbench_Upgrade_Complete_Default",
      "OutputSlotsCount": 1,
      "Id": "Drying",
      "TierLevels": [
        {
          "UpgradeRequirement": {
            "Material": [
              {
                "ItemId": "Ingredient_Bar_Copper",
                "Quantity": 5
              },
              {
                "ItemId": "Ingredient_Bar_Iron",
                "Quantity": 5
              },
              {
                "ItemId": "Ingredient_Bar_Thorium",
                "Quantity": 5
              },
              {
                "ItemId": "Ingredient_Bar_Cobalt",
                "Quantity": 5
              }
            ],
            "TimeSeconds": 3
          },
          "CraftingTimeReductionModifier": 0.0
        },
        {
          "CraftingTimeReductionModifier": 0.3,
          "ExtraInputSlot": 1
        }
      ],
      "MaxFuel": 100,
      "Fuel": [
        {
          "ResourceTypeId": "Wood_Trunk",
          "FilterValidIngredients": true
        }
      ],
      "Input": [
        {
          "ResourceTypeId": "Cannabis_Type",
          "FilterValidIngredients": true
        }
      ]
    },
    "State": {
      "Id": "Ev0sModsEv0LibHopperCrafter",
      "Cooldown": {
        "Min": 1200,
        "Max": 1200
      },
      "ExportFaces": [
        "North",
        "South"
      ],
      "ImportFaces": [
        "Up",
        "Down"
      ],
      "Force": 0
    },
    "Gathering": {
      "Breaking": {
        "GatherType": "Benches"
      },
      "Tools": [
        {
          "Type": "Pickaxe",
          "ItemId": "Bench_Drying"
        }
      ],
      "Harvest": {
        "ItemId": "Bench_Drying",
        "DropList": ""
      }
    },
    "HitboxType": "Block_Three_Quarter",
    "BlockParticleSetId": "Stone",
    "ParticleColor": "#5C583E",
    "Support": {
      "Down": [
        {
          "FaceType": "Full"
        }
      ]
    },
    "BlockSoundSetId": "Stone"
  },
  "Interactions": {
    "Use": "Open_Processing_Bench"
  }
}
