{
  "TranslationProperties": {
    "Name": "Incense Bench"
  },
  "Recipe": {
    "Input": [
      {
        "Quantity": 4,
        "ResourceTypeId": "Wood_Trunk"
      },
      {
        "Quantity": 3,
        "ResourceTypeId": "Ingredient_Bar_Iron"
      }
    ],
    "BenchRequirement": [
      {
        "Type": "Crafting",
        "Categories": [
          "Workbench_Crafting"
        ],
        "Id": "Workbench"
      }
    ]
  },
  "Icon": "Icons/ItemsGenerated/Bench_WorkBench.png",
  "Categories": [
    "Furniture.Benches"
  ],
  "BlockType": {
    "Material": "Solid",
    "DrawType": "Model",
    "Opacity": "Transparent",
    "CustomModel": "Items/Icons/ItemsGenerated/Drying_Table.blockymodel",
    "CustomModelTexture": [
      {
        "Texture": "Items/Icons/ItemsGenerated/Drying_Table_Texture.png",
        "Weight": 1
      }
    ],
    "HitboxType": "Block_Five_Eighth",
    "VariantRotation": "NESW",
    "Bench": {
      "Type": "Crafting",
      "LocalOpenSoundEventId": "SFX_Workbench_Open",
      "LocalCloseSoundEventId": "SFX_Workbench_Close",
      "CompletedSoundEventId": "SFX_Workbench_Craft",
      "FailedSoundEventId": "SFX_Generic_Crafting_Failed",
      "BenchUpgradeSoundEventId": "SFX_Workbench_Upgrade_Start_Default",
      "BenchUpgradeCompletedSoundEventId": "SFX_Workbench_Upgrade_Complete_Default",
      "Id": "Incense",
      "TierLevels": [
        {
          "CraftingTimeReductionModifier": 0.0,
          "UpgradeRequirement": {
            "Material": [
              {
                "ItemId": "Ingredient_Bar_Copper",
                "Quantity": 30
              },
              {
                "ItemId": "Ingredient_Bar_Iron",
                "Quantity": 20
              },
              {
                "ItemId": "Ingredient_Fabric_Scrap_Linen",
                "Quantity": 20
              }
            ],
            "TimeSeconds": 5.0
          }
        },
        {
          "UpgradeRequirement": {
            "Material": [
              {
                "ItemId": "Ingredient_Bar_Thorium",
                "Quantity": 30
              },
              {
                "ItemId": "Ingredient_Bar_Cobalt",
                "Quantity": 20
              },
              {
                "ItemId": "Ingredient_Leather_Heavy",
                "Quantity": 30
              },
              {
                "ItemId": "Ingredient_Fabric_Scrap_Shadoweave",
                "Quantity": 50
              },
              {
                "ItemId": "Ingredient_Fire_Essence",
                "Quantity": 25
              }
            ],
            "TimeSeconds": 10.0
          },
          "CraftingTimeReductionModifier": 0.15
        },
        {
          "CraftingTimeReductionModifier": 0.3
        }
      ],
      "Categories": [
        {
          "Id": "Incense",
          "Name": "Incense",
          "Icon": "Icons/CraftingCategories/Alchemy/Misc_Potions.png"
        }
      ]
    },
    "State": {
      "Id": "crafting",
      "Definitions": {
        "CraftCompleted": {
          "CustomModelAnimation": "Blocks/Benches/Workbench_Crafting.blockyanim",
          "Looping": true
        },
        "CraftCompletedInstant": {
          "CustomModelAnimation": "Blocks/Benches/Workbench_Crafting.blockyanim"
        },
        "Tier2": {
          "CustomModel": "Blocks/Benches/Workbench2.blockymodel",
          "CustomModelTexture": [
            {
              "Texture": "Blocks/Benches/Workbench2_Texture.png",
              "Weight": 1
            }
          ],
          "HitboxType": "Bench_Workbench2",
          "State": {
            "Id": "crafting",
            "Definitions": {
              "CraftCompleted": {
                "CustomModelAnimation": "Blocks/Benches/Workbench2_Crafting.blockyanim"
              }
            }
          }
        },
        "Tier3": {
          "CustomModel": "Blocks/Benches/Workbench3.blockymodel",
          "CustomModelTexture": [
            {
              "Texture": "Blocks/Benches/Workbench3_Texture.png",
              "Weight": 1
            }
          ],
          "HitboxType": "Bench_Workbench3",
          "State": {
            "Id": "crafting",
            "Definitions": {
              "CraftCompleted": {
                "CustomModelAnimation": "Blocks/Benches/Workbench3_Crafting.blockyanim"
              }
            }
          }
        }
      }
    },
    "Gathering": {
      "Breaking": {
        "GatherType": "Benches"
      }
    },
    "BlockParticleSetId": "Wood",
    "ParticleColor": "#6e4a2f",
    "Support": {
      "Down": [
        {
          "FaceType": "Full",
          "Support": "Ignored"
        }
      ]
    },
    "BlockSoundSetId": "Wood"
  },
  "PlayerAnimationsId": "Block",
  "IconProperties": {
    "Scale": 0.42,
    "Rotation": [
      22.5,
      45.0,
      22.5
    ],
    "Translation": [
      12.9,
      -11.7
    ]
  },
  "Tags": {
    "Type": [
      "Bench"
    ]
  },
  "MaxStack": 1,
  "ItemSoundSetId": "ISS_Blocks_Wood"
}
