{
  "Type": "Serial",
  "Interactions": [
    {
      "Type": "Replace",
      "Var": "ConsumeSFX",
      "DefaultValue": {
        "Interactions": [
          "Consume_SFX"
        ]
      }
    },
    {
      "Type": "Charging",
      "FailOnDamage": true,
      "Effects": {
        "ItemAnimationId": "Consume",
        "ClearAnimationOnFinish": true,
        "ClearSoundEventOnFinish": true,
        "FirstPersonParticles": [
          {
            "Color": "#424141",
            "SystemId": "Smoke_Gold_Brazier"
          }
        ]
      },
      "HorizontalSpeedMultiplier": 0.4,
      "Next": {
        "4.0": {
          "Type": "ModifyInventory",
          "AdjustHeldItemQuantity": -1,
          "Next": {
            "Type": "Serial",
            "Interactions": [
              {
                "Type": "Replace",
                "Var": "ConsumedSFX",
                "DefaultOk": true,
                "DefaultValue": {
                  "Interactions": [
                    "Consumed_SFX"
                  ]
                }
              },
              {
                "Type": "Replace",
                "DefaultValue": {
                  "Interactions": [
                    "Effect"
                  ]
                },
                "Var": "Effect"
              },
              {
                "Type": "Simple",
                "RunTime": 0.02,
                "$Comment": "Delay before next consume cycle can start to prevent sound overlap",
                "Next": {
                  "Type": "ApplyEffect",
                  "Next": {
                    "Type": "ApplyEffect",
                    "EffectId": "Food_Instant_Heal_T3",
                    "HorizontalSpeedMultiplier": 0,
                    "RunTime": 0
                  },
                  "HorizontalSpeedMultiplier": 0.02,
                  "EffectId": {
                    "Parent": "Effect_Stoned",
                    "ApplicationEffects": {
                      "HorizontalSpeedMultiplier": 0,
                      "MovementEffects": {
                        "DisableAll": true
                      }
                    }
                  },
                  "Entity": "Owner",
                  "Parent": "Consume_Charge_Joint"
                }
              }
            ]
          }
        }
      },
      "Failed": {
        "Type": "Simple"
      }
    }
  ]
}
