{
  "TranslationProperties": {
    "Name": "server.items.Ingredient_Fabric_Scrap_Cotton.name"
  },
  "Categories": [
    "Items.Ingredients"
  ],
  "Model": "Resources/Materials/Fabric_Scrap.blockymodel",
  "Texture": "Resources/Materials/Fabric_Scrap_Textures/Cotton.png",
  "Quality": "Common",
  "ItemLevel": 10,
  "PlayerAnimationsId": "Item",
  "IconProperties": {
    "Scale": 0.6,
    "Translation": [
      0,
      -6
    ],
    "Rotation": [
      22.5,
      45,
      22.5
    ]
  },
  "Icon": "Icons/ItemsGenerated/Ingredient_Fabric_Scrap_Cotton.png",
  "Tags": {
    "Type": [
      "Ingredient"
    ]
  },
  "ItemEntity": {
    "ParticleSystemId": null
  },
  "ItemSoundSetId": "ISS_Items_Cloth",
  "DropOnDeath": true,
  "ResourceTypes": [
    {
      "Id": "Fabric_Type"
    }
  ]
}
