{
  "TranslationProperties": {
    "Name": "Orchid Incense"
  },
  "Categories": [
    "Items.Weapons",
    "Items.Utility",
    "Items.Debug"
  ],
  "Recipe": {
    "TimeSeconds": 3,
    "Input": [
      {
        "ItemId": "Ingredient_Life_Essence",
        "Quantity": 5
      },
      {
        "Quantity": 5,
        "ResourceTypeId": "Orchids_Type"
      },
      {
        "ItemId": "Ingredient_Stick"
      },
      {
        "ItemId": "Ingredient_Tree_Sap",
        "Quantity": 5
      }
    ],
    "BenchRequirement": [
      {
        "Id": "Incense",
        "Type": "Crafting",
        "Categories": [
          "Incense"
        ]
      }
    ]
  },
  "Scale": 1,
  "Quality": "Common",
  "ItemLevel": 40,
  "MaxStack": 1,
  "Model": "Items/Icons/ItemsGenerated/Base_Incense.blockymodel",
  "Texture": "Items/Icons/ItemsGenerated/base_incense_texture.png",
  "PlayerAnimationsId": "Item",
  "Interactions": {
    "Primary": {
      "Interactions": [
        {
          "Type": "Serial",
          "Interactions": [
            {
              "Type": "Simple",
              "RunTime": 0.25,
              "Effects": {
                "ItemPlayerAnimationsId": "Watering_Can",
                "WaitForAnimationToFinish": true
              }
            },
            {
              "Type": "Projectile",
              "Config": "Projectile_Config_Orchid_Incense_Deploy"
            }
          ]
        }
      ],
      "Cooldown": {
        "Id": "DeployableUtility",
        "Cooldown": 10
      }
    }
  },
  "IconProperties": {
    "Rotation": [
      22.5,
      45,
      22.5
    ],
    "Scale": 0.305,
    "Translation": [
      0,
      -39.6
    ]
  },
  "Icon": "Icons/ItemsGenerated/Base_Incense_Icon.png",
  "Tags": {
    "Type": [
      "Weapon"
    ],
    "Family": [
      "Incense"
    ]
  },
  "Animation": "Items/Animations/Dropped/Dropped_Diagonal_Left.blockyanim",
  "UsePlayerAnimations": false
}
