{
  "Duration": 40,
  "ApplicationEffects": {
    "EntityTopTint": "#26171b",
    "EntityBottomTint": "#302631",
    "MovementEffects": {
      "DisableAll": false,
      "DisableForward": true,
      "DisableBackward": true,
      "DisableLeft": true,
      "DisableRight": true,
      "DisableSprint": true,
      "DisableJump": true
    },
    "KnockbackMultiplier": 0,
    "HorizontalSpeedMultiplier": 0.8,
    "FirstPersonParticles": [
      {
        "SystemId": "Fog",
        "Color": "#1f0f17",
        "TargetEntityPart": "Self",
        "DetachedFromModel": false,
        "Scale": 0.5
      }
    ]
  },
  "OverlapBehavior": "Overwrite",
  "Debuff": false,
  "RawStatModifiers": {
    "Health": [
      {
        "Target": "Max",
        "CalculationType": "Additive",
        "Amount": 25
      }
    ]
  }
}
