{
  "Duration": 10,
  "ModelOverride": {
    "Model": "VFX/Spells/Roots/Model.blockymodel",
    "Texture": "VFX/Spells/Roots/Model.png",
    "AnimationSets": {
      "Spawn": {
        "Animations": [
          {
            "Animation": "VFX/Spells/Roots/Spawn.blockyanim",
            "Looping": false
          }
        ]
      },
      "Despawn": {
        "Animations": [
          {
            "Animation": "VFX/Spells/Roots/Despawn.blockyanim",
            "Looping": false
          }
        ]
      }
    }
  },
  "ApplicationEffects": {
    "EntityTopTint": "#008000",
    "EntityBottomTint": "#000000",
    "ScreenEffect": "ScreenEffects/Poison.png",
    "Particles": [
      {
        "SystemId": "Ash",
        "Color": "#42fc00"
      }
    ],
    "MovementEffects": {
      "DisableAll": true,
      "DisableForward": true,
      "DisableBackward": true,
      "DisableLeft": true,
      "DisableRight": true,
      "DisableSprint": true,
      "DisableJump": false
    },
    "KnockbackMultiplier": 0,
    "HorizontalSpeedMultiplier": 0.02
  },
  "OverlapBehavior": "Overwrite",
  "Debuff": false
}
