{
  "Duration": 30,
  "ApplicationEffects": {
    "EntityTopTint": "#5736b3",
    "EntityBottomTint": "#751381",
    "MovementEffects": {
      "DisableAll": false,
      "DisableForward": false,
      "DisableBackward": true,
      "DisableLeft": false,
      "DisableRight": false,
      "DisableSprint": false,
      "DisableJump": false
    },
    "KnockbackMultiplier": 0,
    "HorizontalSpeedMultiplier": 1.2,
    "FirstPersonParticles": [
      {
        "SystemId": "Fog",
        "Color": "#741dba",
        "TargetEntityPart": "Entity",
        "DetachedFromModel": false,
        "Scale": 0.5
      }
    ]
  },
  "OverlapBehavior": "Overwrite",
  "Debuff": false
}
