{
  "Duration": 10,
  "ApplicationEffects": {
    "EntityTopTint": "#510080",
    "EntityBottomTint": "#0802cd",
    "Particles": [
      {
        "SystemId": "Effect_Poison",
        "TargetEntityPart": "Self"
      }
    ],
    "KnockbackMultiplier": 0,
    "HorizontalSpeedMultiplier": 1,
    "ScreenEffect": "ScreenEffects/Water.png"
  },
  "OverlapBehavior": "Overwrite",
  "Debuff": false,
  "RemovalBehavior": "Complete",
  "Name": "Effect_Orchid",
  "StatModifierEffects": {
    "StaminaDrainMultiplier": 0.2
  },
  "RawStatModifiers": {
    "Immunity": [
      {
        "Target": "Max",
        "Amount": 10,
        "CalculationType": "Additive"
      }
    ]
  }
}
