{
  "Duration": 10,
  "ApplicationEffects": {
    "EntityTopTint": "#759dba",
    "EntityBottomTint": "#751381",
    "MovementEffects": {
      "DisableAll": false,
      "DisableForward": false,
      "DisableBackward": false,
      "DisableLeft": false,
      "DisableRight": false,
      "DisableSprint": true,
      "DisableJump": true
    },
    "KnockbackMultiplier": 0,
    "HorizontalSpeedMultiplier": 0.8,
    "FirstPersonParticles": [
      {
        "SystemId": "Fog",
        "Color": "#950eb9",
        "TargetEntityPart": "Self",
        "DetachedFromModel": false,
        "Scale": 2
      }
    ]
  },
  "OverlapBehavior": "Overwrite",
  "Debuff": false
}
