{
  "Duration": 20,
  "ApplicationEffects": {
    "EntityTopTint": "#107ac7",
    "EntityBottomTint": "#811327",
    "MovementEffects": {
      "DisableAll": false,
      "DisableForward": false,
      "DisableBackward": false,
      "DisableLeft": false,
      "DisableRight": false,
      "DisableSprint": false,
      "DisableJump": false
    },
    "KnockbackMultiplier": 0,
    "HorizontalSpeedMultiplier": 1.4,
    "FirstPersonParticles": [
      {
        "SystemId": "Fog",
        "Color": "#b90e71",
        "TargetEntityPart": "Self",
        "DetachedFromModel": false,
        "Scale": 0.5
      }
    ]
  },
  "OverlapBehavior": "Overwrite",
  "Debuff": false,
  "DamageResistance": {
    "Physical": [
      {
        "CalculationType": "Additive",
        "Amount": 20
      }
    ]
  },
  "RawStatModifiers": {
    "Immunity": [
      {
        "Target": "Max",
        "Amount": 20,
        "CalculationType": "Additive"
      }
    ]
  }
}
