{
  "TranslationProperties": {
    "Name": "server.items.Plant_Crop_Carrot.name",
    "Description": "server.items.Plant_Crop_Carrot_Item.description"
  },
  "Parent": "Template_Crop_Item",
  "Icon": "Icons/ItemsGenerated/Plant_Crop_Carrot.png",
  "IconProperties": {
    "Scale": 0.7,
    "Translation": [
      -1.2,
      -5.4
    ],
    "Rotation": [
      40.5,
      45,
      348.8
    ]
  },
  "Texture": "Resources/Ingredients/Carrot_Texture.png",
  "Model": "Resources/Ingredients/Carrot.blockymodel",
  "Quality": "Common",
  "DropOnDeath": true
}