{
  "Recipe": {
    "Input": [
      {
        "ItemId": "Ingredient_Fabric_Scrap_Linen",
        "Quantity": 5
      },
      {
        "ItemId": "Cannabis_Bud",
        "Quantity": 3
      }
    ],
    "Output": [
      {
        "ItemId": "Joint"
      }
    ],
    "BenchRequirement": [
      {
        "Id": "Workbench",
        "RequiredTierLevel": 0,
        "Categories": [
          "Workbench_Crafting"
        ]
      }
    ],
    "TimeSeconds": 5
  },
  "Interactions": {
    "Secondary": {
      "RequireNewClick": false,
      "Interactions": [
        "Consume_Charge_Joint"
      ]
    }
  },
  "InteractionVars": {
    "RemoveEffect": {
      "Interactions": [
        {
          "Type": "Simple"
        }
      ]
    },
    "Effect": {
      "Interactions": [
        {
          "Type": "ApplyEffect",
          "EffectId": {
            "StatModifiers": {
              "Health": 5
            },
            "Duration": 2,
            "DamageCalculatorCooldown": 4,
            "Debuff": true,
            "StatusEffectIcon": "UI/StatusEffects/Health_Potion.png",
            "OverlapBehavior": "Extend"
          }
        }
      ]
    },
    "Stat_Check": {
      "Interactions": [
        {
          "Parent": "Stat_Check",
          "Costs": {
            "Health": 100
          },
          "ValueType": "Percent",
          "LessThan": true
        }
      ]
    }
  },
  "Consumable": true,
  "DropOnDeath": true,
  "Utility": {
    "Usable": true
  },
  "TranslationProperties": {
    "Name": "Joint"
  },
  "ItemLevel": 2,
  "Model": "Items/Icons/ItemsGenerated/Joint.blockymodel",
  "Texture": "Items/Icons/ItemsGenerated/Joint_Texture.png",
  "Icon": "Icons/ItemsGenerated/Joint_Icon.png"
}
