{
  "Model": "Items/Icons/ItemsGenerated/Base_Incense.blockymodel",
  "Texture": "Items/Icons/ItemsGenerated/base_incense_texture.png",
  "EyeHeight": 0.9,
  "CrouchOffset": 0.0,
  "MinScale": 1.5,
  "MaxScale": 1.5,
  "HitBox": {
    "Max": {
      "X": 0.05,
      "Y": 1.5,
      "Z": 0.05
    },
    "Min": {
      "X": -0.05,
      "Y": 0,
      "Z": -0.05
    }
  },
  "Trails": [
    {
      "TargetNodeName": "GA1",
      "TrailId": "Wind"
    },
    {
      "TargetNodeName": "GA2",
      "TrailId": "Wind"
    },
    {
      "TargetNodeName": "GB1",
      "TrailId": "Wind"
    },
    {
      "TargetNodeName": "GB2",
      "TrailId": "Wind"
    }
  ],
  "Particles": [
    {
      "SystemId": "Totem_Heal_AttachOnStatue",
      "TargetEntityPart": "Entity",
      "Scale": 1.0
    }
  ],
  "Icon": "Icons/ModelsGenerated/Base_Incense.png",
  "IconProperties": {
    "Scale": 0.8,
    "Rotation": [
      23,
      38,
      0
    ],
    "Translation": [
      0,
      -6
    ]
  }
}
