{
  "Icon": "Icons/ItemsGenerated/Poppy_Hash_Icon.png",
  "UsePlayerAnimations": true,
  "PlayerAnimationsId": "Item",
  "Model": "Items/Icons/ItemsGenerated/Poppy Hash.blockymodel",
  "Texture": "Items/Icons/ItemsGenerated/poppy_hash_texture.png",
  "Recipe": {
    "BenchRequirement": [
      {
        "Id": "Plant_Grinding",
        "Type": "Crafting",
        "RequiredTierLevel": 0,
        "Categories": [
          "Grinding"
        ]
      }
    ],
    "Input": [
      {
        "Quantity": 5,
        "ItemId": "Poppy_Bud_Dried"
      },
      {
        "ItemId": "Ingredient_Tree_Sap",
        "Quantity": 5
      }
    ],
    "OutputQuantity": 1
  },
  "TranslationProperties": {
    "Name": "items.opiumhash.name"
  },
  "Utility": {
    "Usable": true
  },
  "Interactions": {
    "Secondary": {
      "RequireNewClick": false,
      "Interactions": [
        "Consume_Charge_Joint"
      ]
    }
  },
  "InteractionVars": {
    "RemoveEffect": {
      "Interactions": [
        {
          "Type": "Simple"
        }
      ]
    },
    "Effect": {
      "Interactions": [
        {
          "Type": "ApplyEffect",
          "EffectId": {
            "StatModifiers": {
              "Health": 5
            },
            "Duration": 2,
            "DamageCalculatorCooldown": 4,
            "Debuff": true,
            "StatusEffectIcon": "UI/StatusEffects/Health_Potion.png",
            "OverlapBehavior": "Extend"
          }
        }
      ]
    },
    "Stat_Check": {
      "Interactions": [
        {
          "Parent": "Stat_Check",
          "Costs": {
            "Health": 100
          },
          "ValueType": "Percent",
          "LessThan": true
        }
      ]
    }
  }
}
