{
  "TranslationProperties": {
    "Name": "server.items.Template_Crop.name"
  },
  "Consumable": true,
  "Icon": "Icons/ItemsGenerated/Plant_Crop_Lettuce.png",
  "IconProperties": {
    "Scale": 0.7,
    "Translation": [
      -3,
      -7.8
    ],
    "Rotation": [
      42.8,
      29.3,
      0
    ]
  },
  "Texture": "Resources/Ingredients/Cabbage_Lettuce.png",
  "Model": "Resources/Ingredients/Cabbage.blockymodel",
  "Quality": "Template",
  "Categories": [
    "Items.Foods"
  ],
  "ResourceTypes": [
    {
      "Id": "Vegetables"
    }
  ],
  "PlayerAnimationsId": "Item",
  "Tags": {
    "Type": [
      "Plant"
    ],
    "Family": [
      "Crop"
    ]
  },
  "ItemEntity": {
    "ParticleSystemId": null
  },
  "Interactions": {
    "Secondary": "Root_Secondary_Consume_Food_T1"
  },
  "$Comment": "[TMP] Tiered food buff system - FruitVeggie T1 (health regen \u002B stamina)",
  "InteractionVars": {
    "Effect": {
      "Interactions": [
        {
          "Type": "ApplyEffect",
          "EffectId": "Food_Instant_Heal_T1"
        },
        "HealthRegen_TierCheck_T1",
        "FruitVeggie_TierCheck_T1"
      ]
    }
  },
  "Utility": {
    "Compatible": true
  },
  "InteractionConfig": {
    "Priorities": {
      "Secondary": 1
    }
  },
  "ItemSoundSetId": "ISS_Items_Foliage"
}