{
  "TranslationProperties": {
    "Name": "server.items.Plant_Flower_Orchid_Yellow.name"
  },
  "Parent": "Plant_Flower_Common_White",
  "BlockType": {
    "Opacity": "Transparent",
    "CustomModel": "Blocks/Foliage/Flowers/RareFlower.blockymodel",
    "CustomModelTexture": [
      {
        "Texture": "Blocks/Foliage/Flowers/RareFlower_Textures/Yellow.png",
        "Weight": 1
      }
    ],
    "CustomModelScale": 0.7,
    "Gathering": {
      "Soft": {
        "DropList": "Plant_Flower_Yellow_Harvest"
      },
      "Harvest": {}
    },
    "ParticleColor": "#f8e983"
  },
  "Icon": "Icons/ItemsGenerated/Plant_Flower_Orchid_Yellow.png",
  "IconProperties": {
    "Scale": 0.72,
    "Translation": [
      -1.7,
      -19.1
    ],
    "Rotation": [
      22.5,
      45,
      22.5
    ]
  },
  "ResourceTypes": [
    {
      "Id": "Orchids_Type"
    }
  ]
}
