{
  "TranslationProperties": {
    "Name": "server.items.Plant_Bramble_Dry_Twisted.name"
  },
  "Parent": "Plant_Bramble_Moss_Twisted",
  "BlockType": {
    "DrawType": "Model",
    "CustomModelTexture": [
      {
        "Texture": "Blocks/Foliage/Plants/Bush_Big_Textures/Brambles.png",
        "Weight": 1
      }
    ],
    "CustomModelScale": 0.7,
    "Support": {
      "Down": [
        {
          "FaceType": "Full"
        },
        {
          "FaceType": "Bushes"
        }
      ]
    },
    "ParticleColor": "#ecc049",
    "Gathering": {
      "Harvest": {
        "DropList": {
          "Parent": "Tobacco_Seed_Drop"
        }
      },
      "Breaking": {
        "DropList": "Tobacco_Seed_Drop"
      }
    }
  },
  "Icon": "Icons/ItemsGenerated/Plant_Bush_Bramble.png",
  "IconProperties": {
    "Scale": 0.345,
    "Translation": [
      2.5,
      -26.299999
    ],
    "Rotation": [
      22.5,
      58.685,
      22.5
    ]
  },
  "Tags": {
    "Type": [
      "Plant"
    ],
    "Family": [
      "Bramble"
    ]
  }
}
