{
  "TranslationProperties": {
    "Name": "server.items.Plant_Flower_Orchid_Blue.name"
  },
  "Parent": "Plant_Flower_Common_White",
  "BlockType": {
    "CustomModel": "Blocks/Foliage/Plants/Cross.blockymodel",
    "CustomModelTexture": [
      {
        "Texture": "Blocks/Foliage/Plants/Cross_Full_Textures/Weed_Glowing_Blue.png",
        "Weight": 1
      }
    ],
    "HitboxType": "Plant_Full",
    "VariantRotation": "UpDown",
    "Light": {
      "Color": "#566"
    },
    "Gathering": {
      "Soft": {
        "DropList": "Plant_Flower_Blue_Harvest"
      },
      "Harvest": {}
    },
    "ParticleColor": "#52b3dc",
    "Support": {
      "Down": [
        {
          "FaceType": "Full"
        }
      ]
    }
  },
  "Icon": "Icons/ItemsGenerated/Plant_Flower_Orchid_Blue.png",
  "IconProperties": {
    "Scale": 0.72,
    "Translation": [
      0.7,
      -13.7
    ],
    "Rotation": [
      22.5,
      45,
      22.5
    ]
  },
  "ResourceTypes": [
    {
      "Id": "Orchids_Type"
    }
  ]
}
