{
  "Texture": "Items/Icons/ItemsGenerated/cannabis_seeds.png",
  "Model": "Resources/Plants/SeedBag.blockymodel",
  "Icon": "Icons/ItemsGenerated/Plant_Seeds_Cannabis.png",
  "Interactions": {
    "Secondary": "Seed_Condition"
  },
  "InteractionVars": {
    "SeedId": {
      "Interactions": [
        "Cannabis_Seeds"
      ]
    }
  },
  "Tags": {
    "Type": [
      "Plant"
    ],
    "Family": [
      "Seeds"
    ]
  },
  "TranslationProperties": {
    "Name": "items.cannabisseeds.name"
  },
  "PlayerAnimationsId": {
    "Parent": "Item",
    "UseFirstPersonOverrides": true
  },
  "IconProperties": {
    "Scale": 0.58823,
    "Rotation": [
      22.5,
      45,
      22.5
    ],
    "Translation": [
      0,
      -13.5
    ]
  },
  "UsePlayerAnimations": true
}
