{
  "Tags": {
    "Type": [
      "Plant"
    ],
    "Family": [
      "Crop"
    ]
  },
  "Icon": "Icons/ItemsGenerated/Plant_Seeds_Tobacco.png",
  "BlockType": {
    "DrawType": "Model",
    "CustomModel": "Items/Icons/ItemsGenerated/Plant_Tobacco_Block_Stage_0.blockymodel",
    "Material": "Empty",
    "RequiresAlphaBlending": false,
    "HitboxType": "Plant_Seed",
    "Opacity": "Transparent",
    "Farming": {
      "Stages": {
        "Default": [
          {
            "Duration": {
              "Min": 9600,
              "Max": 11400
            },
            "Type": "BlockState",
            "State": "Stage1"
          },
          {
            "Duration": {
              "Min": 28800,
              "Max": 30600
            },
            "Type": "BlockState",
            "SoundEventId": "SFX_Crops_Grow",
            "State": "Stage2"
          },
          {
            "Duration": {
              "Min": 28800,
              "Max": 30600
            },
            "Type": "BlockState",
            "SoundEventId": "SFX_Crops_Grow",
            "State": "Stage2"
          },
          {
            "Type": "BlockState",
            "SoundEventId": "SFX_Crops_Grow_Stage_Complete",
            "State": "StageFinal"
          }
        ],
        "Harvested": [
          {
            "Duration": {
              "Min": 28800,
              "Max": 30600
            },
            "Type": "BlockState",
            "SoundEventId": "SFX_Crops_Grow",
            "State": "Stage1"
          },
          {
            "Duration": {
              "Min": 28800,
              "Max": 30600
            },
            "Type": "BlockState",
            "SoundEventId": "SFX_Crops_Grow",
            "State": "Stage2"
          },
          {
            "Type": "BlockState",
            "SoundEventId": "SFX_Crops_Grow_Stage_Complete",
            "State": "StageFinal"
          }
        ]
      },
      "StartingStageSet": "Default",
      "ActiveGrowthModifiers": [
        "Fertilizer",
        "Water",
        "LightLevel"
      ],
      "StageSetAfterHarvest": "Harvested"
    },
    "CubeShadingMode": "Standard",
    "CustomModelTexture": [
      {
        "Texture": "Items/Icons/ItemsGenerated/tobacco_seed_texture.png",
        "Weight": 1
      }
    ],
    "Flags": {
      "IsStackable": true
    },
    "BlockSoundSetId": "Seeds",
    "Support": {
      "Down": [
        {
          "TagId": "Type=Soil"
        },
        {
          "TagId": "SubType=Planter"
        }
      ]
    },
    "State": {
      "Definitions": {
        "Stage1": {
          "CustomModel": "Items/Icons/ItemsGenerated/Plant_Tobacco_Block_Stage_1.blockymodel",
          "CustomModelScale": 1,
          "HitboxType": "Plant_Small",
          "Gathering": {
            "Soft": {
              "DropList": "Drops_Plant_Crop_Carrot_Stage1"
            }
          },
          "BlockParticleSetId": "Grass",
          "BlockSoundSetId": "Plant",
          "ParticleColor": "#1e951c",
          "CustomModelTexture": [
            {
              "Texture": "Items/Icons/ItemsGenerated/tobacco_seed_texture.png",
              "Weight": 1
            }
          ],
          "DrawType": "Model",
          "Material": "Solid"
        },
        "Stage2": {
          "CustomModel": "Items/Icons/ItemsGenerated/Plant_Crop_Tobacco_Stage_0.blockymodel",
          "CustomModelTexture": [
            {
              "Texture": "Items/Icons/ItemsGenerated/tobacco_crop_texture_stage_final.png",
              "Weight": 1
            }
          ],
          "CustomModelScale": 1,
          "HitboxType": "Plant_Medium",
          "BlockParticleSetId": "Grass",
          "BlockSoundSetId": "Plant",
          "ParticleColor": "#1e951c",
          "DrawType": "Model"
        },
        "StageFinal": {
          "CustomModel": "Items/Icons/ItemsGenerated/Plant_Crop_Tobacco_Stage_2 (2).blockymodel",
          "CustomModelTexture": [
            {
              "Texture": "Items/Icons/ItemsGenerated/tobacco_crop_texture_stage_final.png",
              "Weight": 1
            }
          ],
          "CustomModelScale": 1,
          "HitboxType": "Plant_Medium",
          "InteractionHint": "",
          "Gathering": {
            "Harvest": {
              "DropList": "Plant_Crop_Tobacco_Drops"
            },
            "Soft": {
              "DropList": "Plant_Crop_Tobacco_Drops"
            }
          },
          "BlockParticleSetId": "Grass",
          "BlockSoundSetId": "Plant",
          "ParticleColor": "#1e951c",
          "DrawType": "Model",
          "Farming": {
            "Stages": {
              "Default": [
                {
                  "Duration": {
                    "Min": 9600,
                    "Max": 11400
                  },
                  "Type": "BlockState",
                  "State": "Stage1"
                },
                {
                  "Duration": {
                    "Min": 28800,
                    "Max": 30600
                  },
                  "Type": "BlockState",
                  "SoundEventId": "SFX_Crops_Grow",
                  "State": "Stage2"
                },
                {
                  "Duration": {
                    "Min": 28800,
                    "Max": 30600
                  },
                  "Type": "BlockState",
                  "SoundEventId": "SFX_Crops_Grow",
                  "State": "Stage2"
                },
                {
                  "Type": "BlockState",
                  "SoundEventId": "SFX_Crops_Grow_Stage_Complete",
                  "State": "StageFinal"
                }
              ],
              "Harvested": [
                {
                  "Duration": {
                    "Min": 28800,
                    "Max": 30600
                  },
                  "Type": "BlockState",
                  "SoundEventId": "SFX_Crops_Grow",
                  "State": "Stage1"
                },
                {
                  "Duration": {
                    "Min": 28800,
                    "Max": 30600
                  },
                  "Type": "BlockState",
                  "SoundEventId": "SFX_Crops_Grow",
                  "State": "Stage2"
                },
                {
                  "Type": "BlockState",
                  "SoundEventId": "SFX_Crops_Grow_Stage_Complete",
                  "State": "StageFinal"
                }
              ]
            },
            "StartingStageSet": "Default",
            "ActiveGrowthModifiers": [
              "Fertilizer",
              "Water",
              "LightLevel"
            ],
            "StageSetAfterHarvest": "Harvested"
          }
        }
      }
    },
    "BlockEntity": {
      "Components": {
        "FarmingBlock": {}
      }
    },
    "Gathering": {
      "Soft": {
        "DropList": "Plant_Crop_Tobacco_Drops"
      },
      "Harvest": {
        "DropList": "Plant_Crop_Tobacco_Drops"
      }
    }
  },
  "Categories": [
    "Blocks.Plants"
  ],
  "Interactions": {
    "Primary": "Block_Primary",
    "Secondary": "Block_Secondary"
  },
  "TranslationProperties": {
    "Name": "Tobacco Crop"
  },
  "Texture": "Items/Icons/ItemsGenerated/tobacco_seed_texture.png",
  "UsePlayerAnimations": true,
  "Model": "Items/Icons/ItemsGenerated/Plant_Crop_Tobacco_Stage_0.blockymodel"
}
